{"Speed":1.46503579616547,"nowBreak":0.650000035762787}